nombre_erp;agricultor;paraje;nota
ABAD LOPEZ MARIA CAMPO DE CRIP;Abad López, María;Campo de Criptana;paraje completado (comprobar)
AGRICOLA ARROYO Y MARIN SL FUE;Agrícola Arroyo y Marín S.L.;Fue…;paraje cortado en el ERP
AGRICOLA MALOPEZ SL ADRA  18/2;Agrícola Malopez S.L.;Adra;quitado nº de parcela
AGRO LA GUIA SL LA GUIA-PITERO;Agro La Guía S.L.;La Guía-Pitero;
AGRO MORENO VERA SL AEROPUERTO;Agro Moreno Vera S.L.;Aeropuerto;
AGRO RUIZ CINCO CASAS SL ALCAZ;Agro Ruiz Cinco Casas S.L.;Alcázar de San Juan;paraje completado (comprobar)
AGROFRUT 2019 SL LA PALMA  23/;Agrofrut 2019 S.L.;La Palma;quitado nº de parcela
AGROFRUT 2019 SL LAS PALAS  28;Agrofrut 2019 S.L.;Las Palas;quitado nº de parcela
AGROFRUT 2019 SL LAS PALAS  30;Agrofrut 2019 S.L.;Las Palas;quitado nº de parcela
AGROFRUT 2019 SL TOTANA-HORFRU;Agrofrut 2019 S.L.;Totana-Horfru…;paraje cortado en el ERP
AGROMAJANAR CONSULTING SL CAMP;Agromajanar Consulting S.L.;Camp…;paraje cortado en el ERP
AGROVITORIAS  S L LOS GABRIELE;Agrovitorias S.L.;Los Gabrieles;paraje completado
ALBERCA ORTIZ VICENTE ARENALES;Alberca Ortiz, Vicente;Arenales de San Gregorio;paraje completado (comprobar)
ALBERCA ORTIZ VICENTE CAMPO DE;Alberca Ortiz, Vicente;Campo de Criptana;paraje completado (comprobar)
ALBORAJ;Alboraj;;nombre de finca sin agricultor
ALJORRA;Aljorra;;nombre de finca sin agricultor
ANGULO MANZANEQUE IGNACIO AREN;Angulo Manzaneque, Ignacio;Arenales de San Gregorio;paraje completado (comprobar)
ANTONIO JOSE MANZANARES CEGARR;Manzanares Cegarra, Antonio José;;nombre y apellidos reordenados; apellido completado
ARICOS;Aricos;;nombre de finca sin agricultor
BARRANCO VARGAS FRANCISCO ADRA;Barranco Vargas, Francisco;Adra;
CAMPOS DE CASTILLA SL ARENALES;Campos de Castilla S.L.;Arenales de San Gregorio;paraje completado (comprobar)
CAMPOS DE CASTILLA SL CAMPO DE;Campos de Castilla S.L.;Campo de Criptana;paraje completado (comprobar)
CARLINA LO FERRO SL LA ALJORRA;Carlina Lo Ferro S.L.;La Aljorra;
CAÑAS ESCRIBANO DANIEL CAMPO D;Cañas Escribano, Daniel;Campo de Criptana;paraje completado (comprobar)
CAÑAS MERINO VICTOR FRANCISCO;Cañas Merino, Víctor Francisco;;
CAÑAS PINTOR FRANCISCO ARENALE;Cañas Pintor, Francisco;Arenales de San Gregorio;paraje completado (comprobar)
CAÑAS PINTOR FRANCISCO CAMPO D;Cañas Pintor, Francisco;Campo de Criptana;paraje completado (comprobar)
COPE;Cope;;nombre de finca sin agricultor
COSTA SIMON ANTONIO JOSE FLOTA;Costa Simón, Antonio José;Flota…;paraje cortado en el ERP
EL ALJIBE;El Aljibe;;nombre de finca sin agricultor
EL BOQUERON;El Boquerón;;nombre de finca sin agricultor
ESCRIBANO MINGUEZ EUGENIO AREN;Escribano Mínguez, Eugenio;Arenales de San Gregorio;paraje completado (comprobar)
ESCRIBANO MINGUEZ EUGENIO CAMP;Escribano Mínguez, Eugenio;Campo de Criptana;paraje completado (comprobar)
EXPLOT AGRICOLAS EL CHERIF S L;Explotaciones Agrícolas El Cherif S.L.;;abreviatura desarrollada
EXPLOTACIONES CHINCHILLA SL BA;Explotaciones Chinchilla S.L.;Ba…;paraje cortado en el ERP
EXPLOTACIONES CHINCHILLA SL CA;Explotaciones Chinchilla S.L.;Ca…;paraje cortado en el ERP
EXPLOTACIONES CHINCHILLA SL TO;Explotaciones Chinchilla S.L.;To…;paraje cortado en el ERP
FERNANDEZ RUIZ JAIME ARENALES;Fernández Ruiz, Jaime;Arenales de San Gregorio;paraje completado (comprobar)
FRUTAS J.D. 2015 SLU CINCO CAS;Frutas J.D. 2015 S.L.U.;Cinco Casas;paraje completado
FRUTAS Y VERD. DE LOBOSILLO SA;Frutas y Verduras de Lobosillo S.A.;;abreviatura desarrollada
FRUVEG SDAD COOP EL JERINGAL;Fruveg S. Coop.;El Jeringal;
FRUVEG SDAD COOP LOS MEDICOS;Fruveg S. Coop.;Los Médicos;
GESTION HORTOFRUTIC.LEVANTE SL;Gestión Hortofrutícola Levante S.L.;;abreviatura desarrollada
GREGAL SOCIEDAD COOPERATIVA TO;Gregal S. Coop.;To…;paraje cortado en el ERP
GUTIERREZ JIMENEZ MANUEL CAMPO;Gutiérrez Jiménez, Manuel;Campo de Criptana;paraje completado (comprobar)
HIDROPONICO;Hidropónico;;nombre de finca sin agricultor
JODAR SANPEDRO ANGEL  EL EJIDO;Jódar Sanpedro, Ángel;El Ejido;
JUAN GARRE HERNANDEZ LUGAR NUE;Garre Hernández, Juan;Lugar Nuevo;nombre y apellidos reordenados; paraje completado
LA FORJA ESPARRAGERAL;La Forja;Esparrageral;
LA GUIA;La Guía;;nombre de finca sin agricultor
LA HUERTA DE SAN ISIDRO SA AGR;La Huerta de San Isidro S.A.;Agr…;paraje cortado en el ERP
LA HUERTA DE SAN ISIDRO SA BOR;La Huerta de San Isidro S.A.;Bor…;paraje cortado en el ERP
LA HUERTA DE SAN ISIDRO SA CAS;La Huerta de San Isidro S.A.;Cas…;paraje cortado en el ERP
LA HUERTA DE SAN ISIDRO SA JUM;La Huerta de San Isidro S.A.;Jumilla;paraje completado (comprobar)
LA HUERTA DE SAN ISIDRO SA LO;La Huerta de San Isidro S.A.;Lo…;paraje cortado en el ERP
LA HUERTA DE SAN ISIDRO SA LOS;La Huerta de San Isidro S.A.;Los…;paraje cortado en el ERP
LA HUERTA DE SAN ISIDRO SA PIL;La Huerta de San Isidro S.A.;Pil…;paraje cortado en el ERP
LA HUERTA DE SAN ISIDRO SA RAN;La Huerta de San Isidro S.A.;Ran…;paraje cortado en el ERP
LA HUERTA DE SAN ISIDRO SA RIN;La Huerta de San Isidro S.A.;Rin…;paraje cortado en el ERP
LARA ANGULO JUSTO ARENALES DE;Lara Angulo, Justo;Arenales de San Gregorio;paraje completado (comprobar)
LARA JIMENEZ MARTA ARENALES DE;Lara Jiménez, Marta;Arenales de San Gregorio;paraje completado (comprobar)
LOPEZ DE LA RICA VELA MARIO AL;López de la Rica Vela, Mario;Al…;paraje cortado en el ERP
LOPEZ ESCRIBANO MIGUEL ANGEL A;López Escribano, Miguel Ángel;A…;paraje cortado en el ERP
LOPEZ SANCHEZ MARI CRUZ ARENAL;López Sánchez, Mari Cruz;Arenales de San Gregorio;paraje completado (comprobar)
LOPEZ SANCHEZ MARI CRUZ CAMPO;López Sánchez, Mari Cruz;Campo de Criptana;paraje completado (comprobar)
LOPEZ VAZQUEZ FRANCISCO MANUEL;López Vázquez, Francisco Manuel;;
LOPEZ VAZQUEZ JUAN ANTONIO EL;López Vázquez, Juan Antonio;El…;paraje cortado en el ERP
LOS CANOVAS;Los Cánovas;;nombre de finca sin agricultor
LUCAS TORRES DE LA GUIA TERESA;Lucas Torres de la Guía, Teresa;;
LUCAS TORRES INIESTA J ANTONIO;Lucas Torres Iniesta, J. Antonio;;
LUCERON LUCAS TORRES JESUS CAM;Lucerón Lucas Torres, Jesús;Campo de Criptana;paraje completado (comprobar)
MACANEO;Macaneo;;nombre de finca sin agricultor
MANZANARES;Manzanares;;nombre de finca sin agricultor
MARTIN RODRIGUEZ JUAN MANUEL E;Martín Rodríguez, Juan Manuel;E…;paraje cortado en el ERP
MARTOS MORENO FRANCISCO EL EJI;Martos Moreno, Francisco;El Ejido;paraje completado
MAÑAS GONZALEZ AVELINO LA MOJO;Mañas González, Avelino;La Mojonera;paraje completado (comprobar)
MERCO MANCHA SA CINCO CASAS  3;Merco Mancha S.A.;Cinco Casas;quitado nº de parcela
MERINO FERNANDEZ ALVARO ALCAZA;Merino Fernández, Álvaro;Alcázar de San Juan;paraje completado (comprobar)
MERINO MUÑOZ FLORENCIO ARENALE;Merino Muñoz, Florencio;Arenales de San Gregorio;paraje completado (comprobar)
MERINO VIOLERO LUIS CAMPO DE C;Merino Violero, Luis;Campo de Criptana;paraje completado (comprobar)
MEROÑO MARTINEZ EUGENIO LOS IN;Meroño Martínez, Eugenio;Los In…;paraje cortado en el ERP
MOLINA SOLER FRANCISCO JAVIER;Molina Soler, Francisco Javier;;
MULATA;Mulata;;nombre de finca sin agricultor
MURPLACA SL EL PERETON  18/202;Murplaca S.L.;El Peretón;quitado nº de parcela
NIETOS;Nietos;;nombre de finca sin agricultor
PARRILLA BONILLA ANTONIO JESUS;Parrilla Bonilla, Antonio Jesús;;
PARRILLA BONILLA MANUEL MIGUEL;Parrilla Bonilla, Manuel Miguel;;
PEREZ GARRIDO JUAN VICAR  18/2;Pérez Garrido, Juan;Vícar;quitado nº de parcela
PINTOR LOPEZ DE LA RICA PEDRO;Pintor López de la Rica, Pedro;;
PRADILLO MANZANERO PATRICIO CA;Pradillo Manzanero, Patricio;Ca…;paraje cortado en el ERP
RAMOS CRUZ ANGEL ALCAZAR DE SA;Ramos Cruz, Ángel;Alcázar de San Juan;paraje completado
RODRIGUEZ RUIZ RAUL NIJAR  14/;Rodríguez Ruiz, Raúl;Níjar;quitado nº de parcela
RUBI RUIZ JOSE BERNARDO EL EJI;Rubí Ruiz, José Bernardo;El Ejido;paraje completado
RUBI SAMPEDRO LUCIA EL EJIDO;Rubí Sampedro, Lucía;El Ejido;
SAN ISIDRO;San Isidro;;nombre de finca sin agricultor
SANTIAGO;Santiago;;nombre de finca sin agricultor
SAT 9861 AGROPEC EL ROSARIO AL;SAT 9861 Agropecuaria El Rosario;Al…;abreviatura desarrollada; paraje cortado en el ERP
SEÑORIO DE AGROGIGANTES SL CAM;Señorío de Agrogigantes S.L.;Cam…;paraje cortado en el ERP
SOLER SUAREZ JUAN JOSE  ADRA;Soler Suárez, Juan José;Adra;
SOLER SUAREZ JUAN JOSE EL EJID;Soler Suárez, Juan José;El Ejido;paraje completado
SOLER SUAREZ MANUEL ADRA  18/2;Soler Suárez, Manuel;Adra;quitado nº de parcela
TIO MORENO;Tío Moreno;;nombre de finca sin agricultor
UBEDAS;Úbedas;;nombre de finca sin agricultor
URCIMAR SCL COPE  21/2026 PEKI;Urcimar S.C.L.;Cope;quitado nº de parcela y texto cortado
VELA BASTANTE RUBEN CAMPO DE C;Vela Bastante, Rubén;Campo de Criptana;paraje completado (comprobar)
VELA LOPEZ DE LA RICA Mª PAZ A;Vela López de la Rica, Mª Paz;A…;paraje cortado en el ERP
