codigo,nombre,origen
A-25-09,PEKIN,exacto
A-26-02,MAILLOT,exacto
A-26-04,ROBLEO,exacto
A-26-11,AMBARINO (E25M.00702),exacto
A-26-12,PIEL DE SOL,por número (A-25-12)
A-26-13,YACAL (34-191),exacto
A-26-14,NIVAL (34-379),exacto
A-26-17,MANCHESTER,exacto
A-26-18,MIRLO,exacto
A-26-21,AMBATAR,exacto
A-26-25,MS12MA058,exacto
A-26-26,TEQUILA,exacto
A-26-27,HAWAI,exacto
A-ATILA,ATILA,del código
A-ROCHESTE,ROCHESTE,del código
A-SUERTE,SUERTE,del código
A-ZENITH,ZENITH,exacto
C-19-11,N.12788,por número (C-21-11)
C-24-21,MAGVERIK,por número (C-23-21)
C-26-03,ZINASOL (34-506),exacto
C-26-22,CORMORAN,exacto
C-26-24,PEARL,exacto
C-26-26,URKAN,exacto
C-26-28,SUGARSUN (SVMC1524),exacto
C-26-31,ORANGELUP,por número (C-25-31)
C-26-32,DELPHES,exacto
G-20-02,KINDER (G 37526),por número (G-21-02)
G-26-03,KISSANE,exacto
G-26-04,KINETIC,por número (G-25-04)
G-26-06,KIABI,exacto
G-26-09,KIBIC,exacto
G-26-14,KIONNA,exacto
G-26-17,KIARIS,exacto
G-67054,N.67054,exacto
GC-26-02,SUNSILK,exacto
GC-26-03,SUNBALL,exacto
GC-26-04,SUNBEAT,exacto
GLV-26-02,SV5133MG,exacto
GLV-26-04,PACHANGA (HMC463936),por número (GLV-25-04)
GLV-26-11,ALBIZU (SVMG7420),exacto
GLV-26-22,ANGLIRU (34-GE0337),por número (GLV-24-22)
GLV-26-27,GALUNA LITHIUM (34-GL0401),exacto
GLV-26-28,GALVES,exacto
GLV-26-30,DURERO,exacto
GLV-26-32,MAIORAL,exacto
GLV-26-35,BERNAL,por número (GLV-25-35)
GLV-26-37,GOYA,por número (GLV-25-37)
GLV-30335,AR-30335,exacto
GLV-BESODO,BESODO,del código
GLV-CALIMA,CALIMA,del código
GLV-TERRAL,TERRAL,del código
IG-23-04,AST-MSB-31,exacto
IG-26-01,KOHAKU,exacto
IG-26-03,SILVERWAVE,exacto
IG-26-06,MAYAN 443,exacto
IG-30340,AR-30340,exacto
IG-30358,AR-30358,exacto
IG-795,EWS-MLN-795,exacto
INDURAIN,INDURAIN,del código
MIELON,MIELON,del código
OR-22-01,SV7464MA,exacto
OR-23-04,ESM2112,exacto
OR-26-02,SVMA6558,exacto
SEM-14012,N.14012,exacto
SEM-20-03,TORUM,por número (SEM-26-03)
SEM-26-03,TORUM,exacto
SEM-26-04,SAINZ,exacto
SEM-26-21,ARAGORN (N.14511),exacto
SEM-26-22,DELAROSA,exacto
SEM-26-24,SEANETO,exacto
SEM-26-28,SVMC0019 (ACAPELLA),exacto
SEM-26-30,BONOBO,exacto
VENDAVAL,VENDAVAL,del código
Z-25-21,HMC464074,exacto
Z-26-02,DOLSURA (34-138),por número (Z-25-02)
Z-26-03,BRAVURA (34-133),por número (Z-24-03)
Z-26-06,MINITHOR (34-148),exacto
Z-26-15,GRACIANO,exacto
Z-26-18,CORRALES,por número (Z-25-18)
Z-26-27,CAMACHO,exacto
Z-26-31,CAMPUZANO,exacto
Z-26-32,MINIJACK,exacto
Z-4481,HMC 4481,exacto
